image_id,caption
1002674143_1b742ab4b8.jpg,<start> a girl is holding a large tent with an orange tent <end>
1003163366_44323f5815.jpg,<start> a woman with a brown and white dog on a bench <end>
1016887272_03199f49c4.jpg,<start> a man in a red shirt is standing on a rock with a rope <end>
1022454332_6af2c1449a.jpg,<start> a man is walking on a dock near a lake <end>
103106960_e8a41d64f8.jpg,<start> a boy in a yellow shirt and a boy plays on a wall <end>
1032122270_ea6f0beedb.jpg,<start> a group of dogs are running in a grassy field <end>
1056873310_49c665eb22.jpg,<start> a dog is running in the grass <end>
1067790824_f3cc97239b.jpg,<start> two dogs play in the water <end>
1075867198_27ca2e7efe.jpg,<start> a man in a black shirt is jumping on the beach <end>
1082252566_8c79beef93.jpg,<start> a dog is looking at a cow that is lying on a black and white dog <end>
109202801_c6381eef15.jpg,<start> a horse and a brown dog is riding a horse <end>
1093716555_801aacef79.jpg,<start> a group of people are sitting in a mountain <end>
109823397_e35154645f.jpg,<start> a man is driving a <unk> <unk> <unk> <unk> <unk> <end>
1130017585_1a219257ac.jpg,<start> three women in <unk> costumes are posing for a picture <end>
1176580356_9810d877bf.jpg,<start> a dog is playing in the grass with a black and white dog <end>
1198194316_543cc7b945.jpg,<start> a woman and woman in a blue shirt is posing in front of a man in a blue shirt <end>
1235685934_be89b231fb.jpg,<start> a man in a white shirt is holding a <unk> in a white shirt <end>
124195430_d14028660f.jpg,<start> a dog is jumping on the beach <end>
1244485675_822e6efe60.jpg,<start> a boy in a blue shirt is holding a boy in a blue shirt <end>
1245022983_fb329886dd.jpg,<start> a girl in a pink shirt is playing with a pink toy <end>
1253275679_e955fb7304.jpg,<start> a man in a black shirt is looking at the camera <end>
1263801010_5c74bf1715.jpg,<start> a person in a red coat is skiing down a snowy hill <end>
1287064529_aa4e4f3c31.jpg,<start> a dog is playing with a dog in the snow <end>
1295698260_e10c53c137.jpg,<start> a man in a blue shirt is holding a crowd of people in a crowd <end>
1296770308_3db2022f5a.jpg,<start> a man in black is sitting on a table with a black and black and black shirt <end>
1298866571_b4c496b71c.jpg,<start> a man is standing next to a woman with his mouth <end>
1324816249_86600a6759.jpg,<start> a dog is running on a grassy field <end>
1342766791_1e72f92455.jpg,<start> a little boy is standing on a bench with a boy in a blue shirt <end>
1346529555_e916816cfe.jpg,<start> a dog with red spots is running in the grass <end>
1348957576_c4a78eb974.jpg,<start> a man and a child are sitting in a pool <end>
1350811702_2ce7cfd0c5.jpg,<start> a boy is riding a bicycle on a bridge <end>
1357724865_4faf4e1418.jpg,<start> a person is running through a river <end>
1368338041_6b4077ca98.jpg,<start> a white dog and a white dog are playing in a <unk> <end>
1378557186_4bd1da6834.jpg,<start> a dog with a dog is playing in a park <end>
1383698008_8ac53ed7ec.jpg,<start> a snowboarder is jumping over a ramp <end>
1388970365_162edcceb4.jpg,<start> three dogs are playing in a grassy field <end>
1389651420_8d95d8f6ed.jpg,<start> a man in a red shirt is sitting in a <unk> car <end>
1394927474_0afdd82fc4.jpg,<start> a man in a blue shirt is standing next to a building <end>
141139674_246c0f90a1.jpg,<start> a man in a green shirt and a white shirt and a white cap is playing <end>
1414779054_31946f9dfc.jpg,<start> a boy in a red shirt and a red shirt is running on a sidewalk <end>
1415591512_a84644750c.jpg,<start> a child in a red shirt and a red shirt is playing in the grass <end>
1428578577_82864facae.jpg,<start> a person is standing on a snowy hill with a snowy mountain <end>
1434607942_da5432c28c.jpg,<start> a man with a red hat and a woman in a red hat <end>
143688205_630813a466.jpg,<start> a person climbing a rock <end>
1439046601_cf110a75a7.jpg,<start> a boy is playing in a pool <end>
1446053356_a924b4893f.jpg,<start> a boy is playing soccer with two soccer players on the grass <end>
1449692616_60507875fb.jpg,<start> a woman with a camera is looking at a camera <end>
1452361926_6d8c535e32.jpg,<start> two children are playing in a red and blue toy <end>
1454678644_7e5a371301.jpg,<start> two black dogs are playing on a grassy yard <end>
1461653394_8ab96aae63.jpg,<start> a black and white dog is playing with a white and white dog <end>
1463732130_a754441289.jpg,<start> a young girl wearing a red shirt and a red shirt is playing on a swing <end>
1472249944_d887c3aeda.jpg,<start> two people are sitting on a bench outside of a tree <end>
1473250020_dc829a090f.jpg,<start> a man in blue shorts is standing on a rock rock <end>
1488937076_5baa73fc2a.jpg,<start> two dogs run through the grass <end>
1501811302_5e723fc529.jpg,<start> a black and white dog is running in a grassy field <end>
150582765_bad8dec237.jpg,<start> a woman is holding a microphone while another woman is <unk> <end>
1510669311_75330b4781.jpg,<start> two women pose for a picture <end>
1514957266_a19827c538.jpg,<start> a black dog running in the grass <end>
1516714577_7d1c35a8d8.jpg,<start> a little girl in a red dress is playing in a <unk> of a house <end>
1517721825_10176d0683.jpg,<start> two dogs are playing in the water <end>
1517807181_ca6588f2a0.jpg,<start> a boy in a red shirt and a red shirt is running in a field <end>
1523800748_a59e980eee.jpg,<start> a man is standing on a beach with a beach and another <end>
1527513023_3d8152b379.jpg,<start> a young boy is splashing in a yellow pool <end>
1528205014_1323aa9dfd.jpg,<start> a woman in a yellow jacket and a yellow hat walks down a street <end>
1536774449_e16b1b6382.jpg,<start> a crowd of people are gathered in front of a crowd of a crowd of people in the background <end>
1554713437_61b64527dd.jpg,<start> a dog is running on a grassy path <end>
1557838421_a33f2a4911.jpg,<start> two dogs are playing together <end>
1562478713_505ab6d924.jpg,<start> a man and a woman sits on a rock <end>
1579287915_4257c54451.jpg,<start> a person is standing on a rock cliff <end>
1579798212_d30844b4c5.jpg,<start> a young boy is playing with a <unk> in the water <end>
1655781989_b15ab4cbff.jpg,<start> a man and a dog <unk> up a snowy hill <end>
166433861_70b66cd381.jpg,<start> a man in a black and black helmet is riding a motorcycle <end>
1670592963_39731a3dac.jpg,<start> a dog is running over a yellow and yellow ball <end>
1691573772_1adef8e40e.jpg,<start> a man in a pink shirt riding a bike <end>
1764955991_5e53a28c87.jpg,<start> a dog running through the woods <end>
1775029934_e1e96038a8.jpg,<start> a dog is running through a field of a field of grass <end>
1795151944_d69b82f942.jpg,<start> a man and a dog are running through a race <end>
1814086703_33390d5fc7.jpg,<start> a brown dog is running through a grassy area <end>
185057637_e8ada37343.jpg,<start> a group of people are standing in a field <end>
1859726819_9a793b3b44.jpg,<start> a man in a red shirt is holding a sign while holding a drink <end>
1865794069_6e3a1e57bb.jpg,<start> two children playing soccer on a grassy field <end>
186890601_8a6b0f1769.jpg,<start> a man is jumping into a lake <end>
1874617189_e85d3f4326.jpg,<start> a woman wearing a blue hat and a hat is sitting on a beach <end>
1895768965_43cd9d164f.jpg,<start> a dog runs through the grass <end>
1926129518_4350f4f552.jpg,<start> a black dog running with a ball in the grass <end>
1931690777_897a7d8ab6.jpg,<start> two children play in a pool <end>
1952896009_cee8147c90.jpg,<start> a man in a white shirt and jeans is jumping a skateboard <end>
195962284_e57178054a.jpg,<start> a boy in a red shirt is walking through the water <end>
1980882959_9a161f3469.jpg,<start> a man in a black hat is riding a <unk> dog on a road <end>
1998255400_0cd086908f.jpg,<start> a brown dog is <unk> a <unk> <end>
2021602343_03023e1fd1.jpg,<start> a boy in a blue shirt playing basketball <end>
2021671653_567395c7cf.jpg,<start> a boy in a blue shirt is jumping on a wall <end>
203114209_e4cd71a6b7.jpg,<start> a person in a red kayak is riding a raft on a water <end>
2041867793_552819a40b.jpg,<start> a woman sits at a table <end>
2054869561_ff723e9eab.jpg,<start> a black and white dog is running at a red and white <unk> <unk> <end>
2056041678_d6b5b39b26.jpg,<start> a man in a red jacket is walking in the snow <end>
205682549_713aa6cd88.jpg,<start> a man stands on a rock cliff <end>
2059842472_f4fb61ea08.jpg,<start> a boy with his arms on his head <end>
2061144717_5b3a1864f0.jpg,<start> a person in a black shirt is jumping on a brick brick wall <end>
2064417101_3b9d817f4a.jpg,<start> a dog is running at a race <end>
2064792226_97e41d8167.jpg,<start> a man rides a bike on a bike <end>
2070831523_5035d5537e.jpg,<start> a woman wearing a helmet riding a bike <end>
2071309418_1d7580b0f0.jpg,<start> a brown dog is playing with a white dog on a carpet <end>
207275121_ee4dfa0bf2.jpg,<start> a brown dog is running on a grassy field <end>
2079554580_f18d5c181b.jpg,<start> a dog runs through the woods <end>
2082005167_a0d6a70020.jpg,<start> a black dog is running through the water <end>
2083434441_a93bc6306b.jpg,<start> a woman is riding a bike on a street <end>
2084103826_ffd76b1e3e.jpg,<start> a dog runs through the grass <end>
2092419948_eea8001d0f.jpg,<start> a man in a blue shirt is jumping off a rock wall <end>
2095478050_736c4d2d28.jpg,<start> two women are standing on a sidewalk with a woman in a blue shirt and a crowd of people <end>
210625425_fb1ef5d23b.jpg,<start> a white dog is standing in a stream of water <end>
210686241_b8e069fff3.jpg,<start> a boy in a blue shirt is sitting in a <unk> of a wall <end>
2110692070_8aaaa1ae39.jpg,<start> a dog runs through the grass <end>
2115631346_9585a479b0.jpg,<start> a brown dog running in the snow <end>
2116316160_d5fa7abdc3.jpg,<start> a brown dog is running through a field <end>
2120469056_7a738413be.jpg,<start> a boy in a blue shirt is jumping in the water <end>
2133650765_fc6e5f295e.jpg,<start> a boy jumps into the pool while a man watches <end>
2135360514_7dcb9ed796.jpg,<start> a little girl is laying on a red chair <end>
2140747429_62cfd89ae9.jpg,<start> a boy in a black jacket and a black hat is playing with a black and black dog <end>
2141713971_e25eb12712.jpg,<start> a man in a blue jacket and a hat is standing in the snow <end>
2151056407_c9c09b0a02.jpg,<start> a white dog is running on a grassy field <end>
2174206711_11cb712a8d.jpg,<start> a group of people are <unk> their <unk> <end>
2180356743_b3a3c9a7f6.jpg,<start> a girl in a pink shirt and blue shorts is sitting on a playground <end>
2181846120_3744ca3942.jpg,<start> two dogs are sitting on a couch <end>
2191453879_11dfe2ba3a.jpg,<start> a young boy runs on a field <end>
2201192417_d934730fea.jpg,<start> a young girl in a red shirt and a white shirt is running on a field <end>
2201222219_8d656b0633.jpg,<start> two children playing with a <unk> <end>
2203615439_3c7cdc39dc.jpg,<start> a man in a black shirt is walking through a brick building <end>
2206403470_8c25aa3cf8.jpg,<start> a man and a girl on a <unk> <unk> in a park <end>
2219805677_7b7cc188c7.jpg,<start> a dog is running on a yellow toy with a yellow toy <end>
2225241766_f1e7132e3e.jpg,<start> a man and a woman playing on a <unk> in the water <end>
2226440063_c085b30558.jpg,<start> a black dog jumps in the snow with a white dog in the background <end>
2228167286_7089ab236a.jpg,<start> a boy is playing with a toy <end>
2238759450_6475641bdb.jpg,<start> a man in a white shirt is <unk> over a large boat <end>
2240539658_dea8db6e55.jpg,<start> a dog running in the snow <end>
224273695_0b517bd0eb.jpg,<start> a person is standing on a snowy mountain <end>
2245618207_fa486ba2b7.jpg,<start> a man and a group of people are riding a red and red race <end>
2246717855_c0c08fe5d2.jpg,<start> a group of people are standing in a <unk> <unk> <unk> <end>
2247138288_7355861203.jpg,<start> three people are standing in the snow with a black dog <end>
2251447809_2de73afcdf.jpg,<start> people are standing on a sidewalk with a <unk> in the background <end>
2254913901_569f568926.jpg,<start> a man in a red shirt is standing on a brick wall with a building <end>
2255266906_8222af18b9.jpg,<start> two people are sitting in a tree <end>
2256138896_3e24b0b28d.jpg,<start> a man in a red helmet and a helmet is sitting on a rock <end>
2258951972_92763fddab.jpg,<start> a black dog is playing with a black dog <end>
2260369648_e21ae6494a.jpg,<start> a man in a green shirt is playing a bat <end>
2265096094_8cc34d669c.jpg,<start> two people sit in chairs chairs in a lake <end>
2272426567_9e9fb79db0.jpg,<start> a dog runs through the water <end>
2273799395_5072a5736d.jpg,<start> a group of people are skiing in the snow <end>
2282043629_91b7831352.jpg,<start> two people are walking on a snowy hill <end>
2286270205_16038dec5a.jpg,<start> a dog is running through the water <end>
228949397_9e63bfa775.jpg,<start> a boy in a blue shirt is jumping into a blue pool <end>
2295447147_458cfea65a.jpg,<start> a brown dog is running on a grassy field <end>
2295750198_6d152d7ceb.jpg,<start> a boy in a blue shirt is running through a field of trees <end>
2298097636_c5de0079de.jpg,<start> a black dog is running on the grass <end>
2308978137_bfe776d541.jpg,<start> a group of people are standing on a <unk> of <unk> of a <unk> <end>
2317714088_bcd081f926.jpg,<start> two men are standing on a snowy street with a <unk> in the background <end>
2331510788_986809bbb4.jpg,<start> a brown dog is running through the snow <end>
2332540384_4cf26406a9.jpg,<start> a man wearing a blue shirt is riding a skateboard on a skateboard <end>
233270519_d60d4518fa.jpg,<start> a man in a blue wetsuit is playing on the beach <end>
2332986053_864db84971.jpg,<start> a man in a blue shirt and a blue shirt is holding a stick <end>
2337757064_08c4033824.jpg,<start> a man is running across the grass <end>
2337919839_df83827fa0.jpg,<start> a boy in a blue shirt playing with a stick in his mouth <end>
2339516180_12493e8ecf.jpg,<start> a boy in a blue shirt and a helmet rides a bike <end>
2342478660_faef1afea8.jpg,<start> a young boy wearing a green jacket and a blue hat and sunglasses <end>
2346401538_f5e8da66fc.jpg,<start> a man and a woman wearing a white hat and a woman in a white hat <end>
2355093195_87fb7f82cb.jpg,<start> a man in a wetsuit is riding a wave <end>
236095034_c983bdfbbf.jpg,<start> a man in a harness climbs a rock <end>
236144859_52f9e38885.jpg,<start> a black dog and a black dog playing with a black and white dog <end>
2362481035_a7600875d0.jpg,<start> a little girl in a blue shirt and blue shorts is sitting on a swing <end>
2363419943_717e6b119d.jpg,<start> a man in a red jacket is walking past a <unk> of people <end>
2367318629_b60cf4c4b3.jpg,<start> a man with a black and black hat is holding a picture <end>
2376694294_9a4ecc3b90.jpg,<start> a child in a swimming pool <end>
2379150102_157d718d1d.jpg,<start> a dog is running down a white and white dog <end>
2395967330_7e6ea404f6.jpg,<start> a little boy is riding a unicycle on a sidewalk <end>
2396691909_6b8c2f7c44.jpg,<start> a group of people are standing in front of a large building <end>
2396746868_0727e06983.jpg,<start> a boy and boy are playing in a blue inflatable park <end>
2399219552_bbba0a9a59.jpg,<start> a boy in a blue shirt and blue shorts is playing with a ball in a park <end>
2402462857_7684848704.jpg,<start> a dog is playing with a black and white dog <end>
2404520067_87798dbaee.jpg,<start> a black dog is running through a field of a field of a field of trees <end>
240696675_7d05193aa0.jpg,<start> a brown dog runs through the grass <end>
2410040397_1a161a1146.jpg,<start> a brown dog running through a grassy area <end>
2410320522_d967f0b75c.jpg,<start> two dogs are running together in a field <end>
2410399168_1462c422d4.jpg,<start> a brown and white dog is running in a field of another dog <end>
241109594_3cb90fe2a3.jpg,<start> a dog is running through the water <end>
241345596_91e0e2daf5.jpg,<start> a group of people players on a field <end>
241346508_0b3907a95b.jpg,<start> a football player in red is running with a football player in red and white <end>
241347114_6273736da8.jpg,<start> a football player in a red jersey is running with a football <end>
241347150_5ff37818c2.jpg,<start> football players in red and white uniforms <end>
241347271_a39a5a0070.jpg,<start> a football player in a red jersey is running <end>
241347391_4fcd4639f4.jpg,<start> the football players in red and white and white jersey are <unk> <end>
241347580_a1e20321d3.jpg,<start> a girl in a red shirt is sitting on a red bench <end>
241347611_cb265be138.jpg,<start> a football player is running with a football <end>
2416964653_db3c2b6a0e.jpg,<start> a woman in a pink shirt is holding a baby in a black shirt and a girl in black <end>
2418191216_82711d5c5c.jpg,<start> a man wearing a blue hat and sunglasses is wearing a blue jacket <end>
2419221084_01a14176b4.jpg,<start> a white dog is running on a grassy course with a white and white dog in its mouth <end>
2423085253_6c19149855.jpg,<start> a child in a blue shirt is playing with a soccer ball <end>
2428797297_7fc3c862db.jpg,<start> a dog plays with a toy on a toy <end>
2429212017_77fc107699.jpg,<start> a woman is petting a dog in the grass <end>
2432038587_5e4148e277.jpg,<start> a black dog is running through the grass <end>
2432061076_0955d52854.jpg,<start> a brown dog runs across the beach with a stick in the background <end>
2436398074_8737f40869.jpg,<start> a black dog is playing in a grassy field <end>
2444741900_5cb3ef3e1d.jpg,<start> a man is standing on a snowy mountain with a blue backpack <end>
2444935470_7b0226b756.jpg,<start> a person in a red jacket is walking through a wooded area <end>
2448393373_80c011d301.jpg,<start> a boy wearing a blue shirt and blue shorts is playing on a rope <end>
244870123_dcb6e53643.jpg,<start> a dog is jumping over a wooden fence <end>
2450486758_a66fd296ea.jpg,<start> a man and a white <unk> <unk> <end>
2451988767_244bff98d1.jpg,<start> two children play on a bed <end>
2455286250_fb6a66175a.jpg,<start> a boy and a white dog playing soccer <end>
2458006588_754c4aa09c.jpg,<start> a black dog jumps over a fence <end>
2460134050_06de9f5c4a.jpg,<start> a dog runs through the sand <end>
2461990494_c5ece064cc.jpg,<start> a man in a green shirt is standing on a busy street <end>
2467821766_0510c9a2d1.jpg,<start> a man in a red jacket and a backpack is walking down a hill <end>
2470486377_c3a39ccb7b.jpg,<start> two people are standing in front of a man in a blue shirt and a woman in a blue shirt
2470588201_955132a946.jpg,<start> a boy in a yellow and yellow shirt is playing with a yellow and yellow and yellow and yellow <end>
2471493912_2d4746b834.jpg,<start> a child in a yellow shirt is playing on a sandy beach <end>
2471974379_a4a4d2b389.jpg,<start> a motorcycle is being ridden by a police cart <end>
2473737724_355599a263.jpg,<start> two children are playing on a couch <end>
2474092890_6c0781a8ed.jpg,<start> a little boy in a yellow shirt is jumping on a bed <end>
247652942_29ede19352.jpg,<start> a person in a yellow shirt is flying on a green <unk> <end>
247704641_d883902277.jpg,<start> a dog is walking on a dock next to a dock <end>
247778426_fd59734130.jpg,<start> a black dog is running in the water <end>
2480664591_e6d22ed61c.jpg,<start> a man is <unk> in the water <end>
2480820830_bdec1f5b76.jpg,<start> a black dog is running in the water <end>
2483993827_243894a4f9.jpg,<start> a dog wearing a blue shirt is running on a track <end>
2485467050_1d5e2696d4.jpg,<start> a man and a boy jumping up from a grassy fence <end>
2500567791_101d5ddee3.jpg,<start> two dogs are running in a fenced area <end>
251792066_b5233b3d86.jpg,<start> a black dog with a tennis ball in its mouth <end>
2518508760_68d8df7365.jpg,<start> a dog runs in the dirt track <end>
2520255786_b70a3ec032.jpg,<start> a man in a blue shirt is holding a blue and blue blue and blue shirt <end>
2521938720_911ac092f7.jpg,<start> a man is playing with a football ball <end>
2522467011_cc825d89ac.jpg,<start> a girl in a red dress and red shorts is holding a red and white and white <end>
252504549_135b0db5a3.jpg,<start> a white dog is playing with a white dog on the beach <end>
2525666287_638ab5e784.jpg,<start> a woman sits on a bench while a woman is sitting on a table <end>
2526041608_a9775ab8d7.jpg,<start> a group of men in blue uniforms are playing with a football <end>
2527163162_d0fb802992.jpg,<start> a man in a red shirt and a woman in a red shirt and two boys are walking in a
2527303359_6c3dc3f282.jpg,<start> a young girl in a white shirt stands on the beach <end>
252802010_3d47bee500.jpg,<start> a dog with a brown and white dog playing in the grass <end>
252846811_7b250935a7.jpg,<start> two dogs play on a grassy lawn <end>
2532262109_87429a2cae.jpg,<start> a man in a blue shirt is running in a race <end>
2533010184_ef2fd71297.jpg,<start> a man in a white hat is <unk> over a tree <end>
2534424894_ccd091fcb5.jpg,<start> a girl in a field and blue shirt is jumping in the air <end>
2541104331_a2d65cfa54.jpg,<start> a black dog is running through the water <end>
2547785434_f227bd3680.jpg,<start> a dog is jumping over a small animal in the grass <end>
2554531876_5d7f193992.jpg,<start> a person on a motorcycle on a motorcycle <end>
2558911884_856dfc3951.jpg,<start> a boy in a yellow shirt is playing with a boy in the air <end>
2561319255_ce5ede291e.jpg,<start> a boy in a red shirt and a black shirt is jumping on a grassy field <end>
2561334141_0aacefa5e7.jpg,<start> a boy in a brown shirt is jumping into the water with a stick <end>
2561341745_2d77d3ff7d.jpg,<start> a woman in a black shirt and a black shirt runs on the grass <end>
2561849813_ff9caa52ac.jpg,<start> a group of people are walking on a beach with a mountain in the background <end>
2562166462_b43b141d40.jpg,<start> a man sits on a bench and sitting on a bench <end>
2562483332_eb791a3ce5.jpg,<start> a girl in a red shirt and red shorts is on a rope <end>
2571096893_694ce79768.jpg,<start> a little boy in a brown sweater is running on a dirt path <end>
2578395598_6982734d46.jpg,<start> a white dog is running with a toy <end>
2583001715_1ce6f58942.jpg,<start> a dog jumps in the air to catch a frisbee <end>
2584412512_6767593f24.jpg,<start> a small dog is playing with a white dog on the grass <end>
2588625139_fdf6610218.jpg,<start> a boy plays with a boy in the grass <end>
2595186208_9b16fa0ee3.jpg,<start> a dog is standing on a dock near a pond <end>
2602415701_7674eb19e4.jpg,<start> a woman in a blue suit jumps into a pool <end>
2603033456_3584d95116.jpg,<start> a boy in blue shorts is standing in the water <end>
2609847254_0ec40c1cce.jpg,<start> two women in <unk> are posing for a picture <end>
2613021139_4b0dc3d4c8.jpg,<start> a woman with a blue hat is sitting on a wooden bench <end>
261737543_b8fdc24671.jpg,<start> a boy doing a trick in midair <end>
2621415349_ef1a7e73be.jpg,<start> a man with a mohawk and glasses is looking on his nose <end>
2623146491_b64698b875.jpg,<start> a man in a black shirt is standing on a table with a <unk> in his hand <end>
2623560640_0445c9a138.jpg,<start> a girl in a white shirt and a white shirt is standing on a tree <end>
262439544_e71cd26b24.jpg,<start> a girl in a pink shirt is jumping on a swing <end>
2629402527_6dfc5c504b.jpg,<start> a dog runs through the grass <end>
2632366677_43dee456a5.jpg,<start> a brown dog is running down a dirt path <end>
2635908229_b9fc90d3fb.jpg,<start> a boy in a white shirt and a brown shirt and a brown shirt is jumping <end>
2642688531_8fb68b2147.jpg,<start> a small boy is in a blue boat <end>
2644920808_f5a214b744.jpg,<start> a man is standing on a rock overlooking the mountains <end>
2647394564_4843800cff.jpg,<start> a boy is laying on a bed bed <end>
2650485780_29d89268d7.jpg,<start> a group of young children are standing in a room <end>
2655183854_5852790214.jpg,<start> a woman and a woman are standing on a bench with a woman in a black shirt and a woman
2659183350_730951f740.jpg,<start> a group of children sit on a bench <end>
2659606300_bea3feaf8b.jpg,<start> a little girl in a blue shirt and a blue shirt is walking down a path <end>
2660480624_45f88b3022.jpg,<start> a woman in a blue shirt is riding a car on a car <end>
2661437618_ca7a15f3cb.jpg,<start> a small dog is playing with a toy <end>
2662845514_8620aaee96.jpg,<start> a man in a blue shirt is jumping into a pool <end>
2665264979_df9c284bf8.jpg,<start> a boy in a white shirt and jeans is playing in a grassy field <end>
2665461736_595c87f0a3.jpg,<start> a man with a black dog plays with a <unk> <end>
2684322797_85406f571d.jpg,<start> a man in a white shirt is sitting on a <unk> seat of a <unk> <end>
2689001252_e0016c89f0.jpg,<start> a girl in a pink shirt is jumping into the air to another girl in a pink shirt <end>
2689163361_4939875be5.jpg,<start> a little girl is jumping on a red and yellow toy <end>
2695085862_2ed62df354.jpg,<start> a man with a black and white shirt and a white shirt is looking at <end>
269898095_d00ac7d7a4.jpg,<start> a person in a blue shirt is walking down a wooden bridge <end>
2704257993_d485058a5f.jpg,<start> two girls are playing on a stage <end>
2704379125_9c35650d16.jpg,<start> a group of dogs are running through a grassy field <end>
2706766641_a9df81969d.jpg,<start> a baby baby in a chair <end>
2708176152_1634cb754d.jpg,<start> a group of people in helmets riding bikes bikes on a track <end>
2710280476_dcccb8745a.jpg,<start> a dog jumps into the pool <end>
2714674623_8cd05ac114.jpg,<start> a man in a blue shirt and blue shirt is sitting in a subway <end>
2716903793_fb7a3d8ba6.jpg,<start> a boy and a boy are playing in the grass <end>
272156850_c4445a53f4.jpg,<start> a man in a white shirt and a helmet is sitting on a rock <end>
2728276857_3f83757ef2.jpg,<start> two women and a woman pose together <end>
272988646_1588bde6a8.jpg,<start> a woman in a green costume and green pants is standing on a sidewalk <end>
2730819220_b58af1119a.jpg,<start> a boy in a blue shirt is riding a <unk> on a sandy beach <end>
2738255684_0324ed062d.jpg,<start> a man and a dog wearing a blue shirt and blue shirt is riding a dirt bike <end>
2744321686_8811d8428c.jpg,<start> a man is sitting on a wooden table with a <unk> and headphones <end>
2747714500_49476225c6.jpg,<start> two children are running on a sidewalk <end>
275516348_cbccebc125.jpg,<start> a dog running through the woods <end>
2756636539_cc1eacbf4a.jpg,<start> a black dog is jumping in the water with a ball in its mouth <end>
2761599088_8b39cc5f41.jpg,<start> a dog running through the grass <end>
2768662025_44001fe5d1.jpg,<start> a boy in a red shirt and a black shirt is playing on a playground <end>
2772084628_c0ae29d87a.jpg,<start> three children are walking on a wooden bench <end>
2774581025_81a3074e2e.jpg,<start> a young boy is running on a beach <end>
278388986_78ba84eb8f.jpg,<start> a person in a blue jacket is skiing down a hill <end>
2786299623_a3c48bd318.jpg,<start> a man and a dog are running in a field of water <end>
2797185895_4d9e1e9508.jpg,<start> a group of people are riding a small raft on a lake <end>
2797438951_88a3ed7541.jpg,<start> a man on a bike on a bike <end>
2800934095_b84a5009dd.jpg,<start> a child plays in the water <end>
2806632713_edd6f6c893.jpg,<start> a man is suspended on a rope <end>
2807209904_389d81f33a.jpg,<start> a group of people are standing in front of a <unk> in front of a building <end>
2808098783_c56b44befa.jpg,<start> a dog is playing with a toy <end>
2824922268_3fafb64683.jpg,<start> a dog is running through the grass <end>
2825668136_107223182c.jpg,<start> a man in a blue shirt is jumping on a skateboard <end>
2827964381_408a310809.jpg,<start> a black dog is playing in a field of grass <end>
2834752476_3177e617f1.jpg,<start> a man in a black shirt is playing a guitar <end>
2836703077_fa9c736203.jpg,<start> a group of boys sit in a blue seat and a blue <unk> <unk> <end>
2846843520_b0e6211478.jpg,<start> a dog is playing with a ball in its mouth <end>
2848266893_9693c66275.jpg,<start> a man in a white shirt is playing with a bat in a <unk> <end>
2848571082_26454cb981.jpg,<start> a black dog jumps to catch a black and black dog <end>
2849194983_2968c72832.jpg,<start> a child in a blue shirt is <unk> up a <unk> <end>
2851931813_eaf8ed7be3.jpg,<start> a little girl is playing on a swing <end>
2852982055_8112d0964f.jpg,<start> a boy in a bathing bathing suit playing in a fountain <end>
2855695119_4342aae0a3.jpg,<start> a dog is running through the water <end>
2856524322_1d04452a21.jpg,<start> a man is doing a trick on a dirt bike <end>
2860040276_eac0aca4fc.jpg,<start> a young boy swinging on a swing <end>
2861100960_457ceda7fa.jpg,<start> a woman in a white hat and a hat is looking at a crowd <end>
2862004252_53894bb28b.jpg,<start> a brown dog is running through the grass <end>
2872197070_4e97c3ccfa.jpg,<start> a white dog is swimming in a pool <end>
2882483779_73c171ac19.jpg,<start> a dog is playing at a <unk> of a dog <end>
2882589788_cb0b407a8d.jpg,<start> a man in blue shorts is playing with a man in a blue shirt and a man in a <end>
2887103049_a867e74358.jpg,<start> a man is doing a trick on a skateboard <end>
2887750774_920eb171aa.jpg,<start> a brown dog is running in the water <end>
2888408966_376c195b3f.jpg,<start> a man in a black shirt and a black shirt is doing a skateboard <end>
2888702775_0939a6680e.jpg,<start> a young boy in a green shirt and a black shirt and a black shirt walks down the street <end>
2888732432_7e907a3df1.jpg,<start> a boy in a red shirt and jeans is swinging on a swing <end>
2891961886_b7a2f0b0fd.jpg,<start> a man is walking down a railing in front of a building <end>
2892395757_0a1b0eedd2.jpg,<start> a person on a bike on a dirt road <end>
2894008505_a445ccaaff.jpg,<start> a person is walking down a sidewalk <end>
2894229082_ddc395f138.jpg,<start> a young boy wearing a blue shirt and blue shorts is standing on a grassy field <end>
2896298341_92d718366a.jpg,<start> a boy in a blue shirt and a blue shirt is running in a <unk> <end>
2902269566_419d9f1d8e.jpg,<start> a man in a helmet is riding a motorcycle <end>
2902844125_4186bf3ab6.jpg,<start> a boy in a white shirt and jeans is doing a skateboard trick on a skateboard <end>
2904997007_23d4b94101.jpg,<start> a little girl jumps on a bed <end>
2908859957_e96c33c1e0.jpg,<start> a young boy wearing a red shirt and shorts is standing on a rock <end>
2914737181_0c8e052da8.jpg,<start> a man is <unk> a huge wave on a snowy hill <end>
2916586390_664f0139ea.jpg,<start> a young girl in a green shirt and blue shorts is playing with a woman in a blue shirt <end>
2918880895_e61f74f2f0.jpg,<start> two men in <unk> shirts are standing in front of a building <end>
2923475135_a6b6e13d26.jpg,<start> a woman is walking down a fence in a park <end>
2933637854_984614e18b.jpg,<start> a man in a red uniform and a white uniform is playing with a ball <end>
2933912528_52b05f84a1.jpg,<start> a black dog is running on a dock while another dog is running on the water <end>
2934628301_41ea2e6cf9.jpg,<start> a dog is running through the water <end>
2937942758_712be5c610.jpg,<start> a person in a red shirt and a red shirt is playing on a <unk> <end>
2938120171_970564e3d8.jpg,<start> a dog is standing next to a dog that is standing next to a black and black dog <end>
293881927_ac62900fd4.jpg,<start> a dog jumps over a fence and a man watches <end>
2939197393_93dc64c4bb.jpg,<start> a man rides a bike on a dirt hill <end>
2939371251_f923569a72.jpg,<start> two men in white uniforms are playing soccer <end>
2940366012_1ef8ab334e.jpg,<start> a person with a helmet rides his bike <end>
2944193661_7b255af9cc.jpg,<start> a man sits on a table reading a table <end>
2951092164_4940b9a517.jpg,<start> two girls in pink dresses playing in a <unk> <end>
2953015871_cae796b6e7.jpg,<start> a dog is laying in the grass <end>
2957071266_1b40ec7d96.jpg,<start> a black dog is running on a grassy field <end>
295729735_8360f2e64c.jpg,<start> a man and a boy are sitting in front of a table <end>
2963672852_c28043bb2c.jpg,<start> a man is doing a trick on a bicycle <end>
2965604928_435dc93bf7.jpg,<start> a dog runs through a grassy field <end>
2974501005_346f74e5d8.jpg,<start> a boy is jumping up a <unk> <end>
2975018306_0e8da316f5.jpg,<start> a brown dog is running through the grass <end>
2977246776_b14be8290d.jpg,<start> two girls are playing on a swing <end>
2978024878_a45b282bf4.jpg,<start> two white dogs are playing in a field <end>
2982928615_06db40f4cd.jpg,<start> a brown dog is running through a field of grass <end>
2983555530_a89f1f5ed7.jpg,<start> a group of men are playing in a field <end>
2992658871_ac786d37a6.jpg,<start> a man is doing a trick on a skateboard <end>
2993049054_611f900644.jpg,<start> a man with a mohawk and a mohawk is holding a mohawk and a crowd <end>
2995461857_dd26188dcf.jpg,<start> a person in a <unk> <unk> <unk> in a park <end>
3006094603_c5b32d2758.jpg,<start> a man in a white shirt and a white shirt is holding a <unk> <end>
3007214949_a4b027f8a3.jpg,<start> a little girl is playing on a trampoline <end>
3015891201_2c1a9e5cd7.jpg,<start> a man with a black shirt and a woman in a black shirt <end>
3018304737_0a46fc5f1d.jpg,<start> a surfer is riding a wave in the ocean <end>
3018847610_0bf4d7e43d.jpg,<start> a man is doing a trick on a <unk> wheel <end>
3021780428_497542a072.jpg,<start> a man in a red shirt is playing with a red and white toy <end>
3024022266_3528c16ed8.jpg,<start> a man in a wetsuit is jumping in the ocean <end>
3028095878_07341efc9c.jpg,<start> a man in a red shirt is running on a field <end>
3029928396_99ac250788.jpg,<start> a boy is standing on a pile of people and two people are standing in the background <end>
3030566410_393c36a6c5.jpg,<start> a girl in a blue shirt is jumping into a pool while a man in a blue shirt <end>
3031263767_2e3856130e.jpg,<start> a young boy in a yellow shirt is running on a river <end>
3033741581_136889ac73.jpg,<start> a boy in a blue shirt is jumping into a pool <end>
3038941104_17ee91fc03.jpg,<start> a boy in a black shirt and black pants is doing a handstand on a trampoline <end>
3039675864_0b7961844d.jpg,<start> a group of people are riding a track with a yellow and yellow and yellow dog <end>
3043685748_130db75e3b.jpg,<start> a motorcycle racer on a motorcycle <end>
3046916429_8e2570b613.jpg,<start> a man is looking at the camera <end>
3048461682_e89f81b1c7.jpg,<start> a white dog is running on a grassy path <end>
3053785363_50392f2c53.jpg,<start> a group of men in red uniforms and a soccer game <end>
3060594966_030658d318.jpg,<start> a boy in a blue shirt is playing on a swing <end>
3061481868_d1e00b1f2e.jpg,<start> a motorcycle racer is riding a motorcycle <end>
3062273350_fd66106f21.jpg,<start> a group of people are walking in a <unk> <end>
3068735836_872fba3068.jpg,<start> a group of people in orange and orange are on a blue and white boat on the beach <end>
3068945309_ff0973e859.jpg,<start> a group of people are standing in a basketball <end>
3070713991_8696796937.jpg,<start> two children are sitting on a wooden floor and one is sitting on a patio <end>
3083016677_5782bc337c.jpg,<start> a man is sitting on a motorcycle with a motorcycle <end>
3089742441_d42531c14f.jpg,<start> a man in a white costume and a woman stands on a cellphone <end>
3090386315_87ed417814.jpg,<start> a brown dog runs through the grass <end>
3090593241_93a975fe2b.jpg,<start> a group of people are gathered in a <unk> <unk> <end>
3091382602_60b9b53ed1.jpg,<start> a man and a man wearing a black shirt and a man on a book <end>
3094317837_b31cbf969e.jpg,<start> a surfer is riding a wave on a wave <end>
3105691757_817083b0a6.jpg,<start> a group of people in winter clothing and a red hat and a group of people <end>
3106787167_e5f2312622.jpg,<start> a group of men in a green shirt and a <unk> in a green shirt <end>
3114944484_28b5bb9842.jpg,<start> a group of people are sitting on a bench <end>
3117336911_a729f42869.jpg,<start> a man is splashing in the water <end>
3122497129_d08f5729b8.jpg,<start> a black and white dog and a black dog are running on the sand <end>
3126724531_f483e1b92a.jpg,<start> a person in a yellow wetsuit is riding a wave <end>
3126752627_dc2d6674da.jpg,<start> a basketball player in a red uniform is playing in the air to another player in red <end>
3127142756_bf0bfcb571.jpg,<start> two dogs run through the snow <end>
3130970054_04a3865c43.jpg,<start> a boy in a blue shirt and blue shorts is running on a pool <end>
3131990048_369b081021.jpg,<start> a small bird flying in the air <end>
3132619510_7dfc947d25.jpg,<start> two white dogs playing with a red ball <end>
3134585858_a8c3493ca5.jpg,<start> a man in a black jacket and a black hat with a black hat <end>
3134586018_ae03ba20a0.jpg,<start> a man and a woman are standing next to a picture of a picture <end>
3138746531_f6b816c126.jpg,<start> a man and a <unk> <unk> <unk> <end>
3139160252_75109e9e05.jpg,<start> a young girl and two young boys are standing in front of a store <end>
3145967019_1a83ebf712.jpg,<start> two girls are posing for a picture with a <unk> <unk> <end>
3148193539_de9dd48fc8.jpg,<start> two boys play on a park <end>
315125146_d9a8e60061.jpg,<start> a black dog is laying on a bed <end>
3152317129_177b4678b7.jpg,<start> a boy in a blue bathing suit is swimming in a pool <end>
3155400369_69e3d6d70f.jpg,<start> a group of people <unk> their <unk> on a beach <end>
3161044966_27bf6f9dec.jpg,<start> a white and white dog is sitting on a bed <end>
3171035252_dba286ae5c.jpg,<start> a person in a wetsuit is riding a wave <end>
3172384527_b107385a20.jpg,<start> a crowd of people are gathered in a crowded restaurant <end>
3173014908_b3e69594b6.jpg,<start> a man is skiing down a hill <end>
3174417550_d2e6100278.jpg,<start> a boy in a blue jacket is jumping over the <unk> of a <unk> of other people <end>
3175434849_859f09fe07.jpg,<start> a crowd of people are gathered in a crowd <end>
3177799416_5bd0382370.jpg,<start> a person in a green jacket is skiing down a snowy hill <end>
3181409177_edb09c2718.jpg,<start> a man is doing a trick on a ramp <end>
3184031654_34b5c4ffe1.jpg,<start> two men wearing hats are looking at the camera <end>
3184112120_6ddcd98016.jpg,<start> two women in <unk> are posing for a picture <end>
3185645793_49de805194.jpg,<start> two cyclists ride bikes down a dirt hill <end>
3186527735_6e9fe2cf88.jpg,<start> a man in a red coat is standing on a sidewalk <end>
3187364311_4c2a87083b.jpg,<start> a dog is walking with a dog in its mouth <end>
3188044631_ca3a9cc737.jpg,<start> a man and a boy are standing in front of a <unk> room <end>
3189002057_3ef61b803e.jpg,<start> two people are walking through the ocean at the ocean <end>
3189251454_03b76c2e92.jpg,<start> a dog is running in the snow <end>
319185571_56162796da.jpg,<start> a dog is jumping into the water on a beach <end>
3196100539_102fe877b3.jpg,<start> a woman in a white shirt and white shorts is playing with a boy in a black and white jersey
3198237818_cb5eb302f0.jpg,<start> a group of people are standing on a beach <end>
3201427741_3033f5b625.jpg,<start> a boy is playing with a small boy in his mouth <end>
3202255152_08973fa3d7.jpg,<start> a man is doing a trick on a bike <end>
3203453897_6317aac6ff.jpg,<start> a man and a woman walks down the street <end>
3207264553_8cd4dcde53.jpg,<start> a group of people are riding a raft in a raft <end>
3209564153_077ed4d246.jpg,<start> a skier in a red jacket is jumping on a snowy hill <end>
3210457502_c6030ce567.jpg,<start> a white bird <unk> to <unk> <end>
3211581957_df2f7e2236.jpg,<start> a horse is riding a horse <end>
3212456649_40a3052682.jpg,<start> a dog is running through the snow <end>
3213622536_31da7f6682.jpg,<start> a man in a red hat and a woman in a red shirt and a crowd <end>
3214573346_d3a57f0328.jpg,<start> a dog jumps on the bed <end>
3215117062_6e07a86352.jpg,<start> a man is sitting at a table with a building <end>
3215847501_c723905ba4.jpg,<start> a group of people are standing in the ocean at the ocean <end>
3215896272_e9b4b547a9.jpg,<start> a dog in a green jacket is jumping through the water <end>
3217266166_4e0091860b.jpg,<start> a man is performing a <unk> on a <unk> <end>
3219065971_702c4e8c34.jpg,<start> a little boy is playing in a <unk> chair <end>
3223302125_f8154417f4.jpg,<start> a person is doing a trick on a skateboard in the snow <end>
3224904543_679fe05c41.jpg,<start> a man in a red jacket is riding a bike in a busy street <end>
3225058391_a12d38d911.jpg,<start> a man in a black shirt is holding a black and black <unk> <end>
3225226381_9fe306fb9e.jpg,<start> two dogs play in the grass <end>
3227594168_3351722aae.jpg,<start> a woman and a woman are sitting on a lawn with a stuffed animal and sitting on the grass <end>
3231751379_10ebf7150c.jpg,<start> a goalie in a red jersey is playing with the goal <end>
3237760601_5334f3f3b5.jpg,<start> a skier is jumping over a hill <end>
3238654429_d899e34287.jpg,<start> a snowboarder is skiing down a snowy hill <end>
3242007318_01e82171aa.jpg,<start> a man and a woman in a black shirt and a black shirt walks in front of a brick building
3242354561_54e5a34925.jpg,<start> a brown dog running through the snow <end>
3244470342_c08f6bb17e.jpg,<start> a person is climbing a mountain with a tree in the snow <end>
3250589803_3f440ba781.jpg,<start> a man in a red shirt is holding a boy in a red shirt <end>
3251460982_4578a568bb.jpg,<start> a dog runs through the snow <end>
3251906388_c09d44340e.jpg,<start> a white dog is playing in the snow <end>
3254640083_eb34b8edfe.jpg,<start> a young boy is playing with a <unk> wall <end>
3256275785_9c3af57576.jpg,<start> a man in a black shirt and black pants jumping on a hill <end>
3256603992_67312b5a36.jpg,<start> a man in a blue shirt and a brown shirt is playing in a brown shirt <end>
3258394043_a0b6a94dce.jpg,<start> a group of children walking on a sidewalk <end>
3258874419_23fec1bdc1.jpg,<start> a dog runs on a track <end>
3259883609_6a1b46919e.jpg,<start> a brown dog sits on a dock and a dog <end>
3260768565_2b725be090.jpg,<start> a man is standing in a <unk> with a <unk> <unk> and <unk> <end>
3260975858_75d0612a69.jpg,<start> a dog is running through the snow with a dog in the snow <end>
3262301835_9f1a49b80a.jpg,<start> a group of people are walking down a street <end>
3262647146_a53770a21d.jpg,<start> two children are playing on a park <end>
3268175963_113d90d178.jpg,<start> a man in a white shirt and a microphone is playing guitar <end>
3268191118_ba25fabab6.jpg,<start> a person jumping in a air on a ramp <end>
3269895626_7b253c82ed.jpg,<start> a person in a black and black hat is riding a dirt bike <end>
3271468462_701eb88d3b.jpg,<start> a dog is jumping on a grassy fence <end>
3279025792_23bfd21bcc.jpg,<start> a black dog running in the snow <end>
3279988814_d3693dcb6c.jpg,<start> a woman and a woman are playing in a room <end>
3281611946_f42deed2e1.jpg,<start> two men in hats are standing in front of a <unk> <end>
3282897060_8c584e2ce8.jpg,<start> a man with a <unk> <unk> <unk> his head and <unk> his head <end>
3283368342_b96d45210e.jpg,<start> five people are standing in a field of a grassy field <end>
3286543624_7a327f79ae.jpg,<start> a young boy in a red shirt and a black shirt is playing on a wall <end>
3293642024_e136b74a55.jpg,<start> a man in a blue wetsuit is riding a wave <end>
3295418287_5d590dac43.jpg,<start> a group of people stand in front of a <unk> <unk> flags <end>
3296715418_29542dcdc2.jpg,<start> a white dog is running on the grass <end>
3301744710_b51280eb56.jpg,<start> a man in a blue shirt is sitting at a table with a black and black and black shirt <end>
3301822808_f2ccff86f4.jpg,<start> a group of people are walking down a street <end>
3307077951_dd31f1971c.jpg,<start> a black and white dog is running across a grassy field <end>
3307563498_e2b4f19272.jpg,<start> three people are standing in the water <end>
3313620862_0c65c645f5.jpg,<start> a group of people are sitting on a <unk> with yellow <unk> <end>
3314900697_c5c5ae9af6.jpg,<start> a man in a black shirt is jumping over a bull <end>
3320680380_b0d38b3b4a.jpg,<start> a man in a blue jacket and a boy is pushing a hill <end>
3325910784_5ecb88310c.jpg,<start> a dog jumps over a small fence <end>
3326273086_e09e845185.jpg,<start> two black dogs running in the snow <end>
3326376344_3306bf439e.jpg,<start> a black dog running in the snow <end>
3329254388_27017bab30.jpg,<start> a person is skiing on a hill <end>
3329858093_0ec73f2190.jpg,<start> three men sitting on a subway with a blue and blue shirt and a blue <end>
3332136681_9aecf101fd.jpg,<start> a man in a red shirt and a red shirt plays in a <unk> <end>
3335547029_74d620fa6c.jpg,<start> a surfer in a wetsuit is riding a wave <end>
3338474677_7376e426c2.jpg,<start> a man is riding a bicycle on a bicycle <end>
3339747039_1a8455c210.jpg,<start> a person is sitting on a grassy hill with a backpack in the background <end>
3341782693_426bf7139b.jpg,<start> a young boy in a wetsuit is jumping in the water <end>
3343197133_9256848fa9.jpg,<start> a man is doing a trick on a ramp <end>
334737767_7f344eee16.jpg,<start> a dog runs through the grass <end>
3348785391_c243faf6bb.jpg,<start> a boy is doing a trick on a skateboard <end>
3348811097_0e09baa26f.jpg,<start> a boy in a green shirt jumps on a skateboard <end>
3349309109_4024a09a17.jpg,<start> a group of people are riding a horse on a horse <end>
3350614753_5624e181b3.jpg,<start> a man is doing a trick on a skateboard <end>
3351667632_00f586a30c.jpg,<start> a group of people are standing on a bench <end>
3354075558_3b67eaa502.jpg,<start> a dog chewing on its mouth <end>
3354474353_daf9e168cf.jpg,<start> two dogs are playing in the snow <end>
3355683198_715fb1a2ac.jpg,<start> a boy is jumping down a wooden rail <end>
3356700488_183566145b.jpg,<start> two men are standing in front of a store <end>
3357416302_fcfcdd7b86.jpg,<start> a snowboarder jumps through the air <end>
3359587274_4a2b140b84.jpg,<start> a person flying high in the air at the sunset <end>
3364258732_9942c557e5.jpg,<start> a group of people playing basketball <end>
3365198533_539073002b.jpg,<start> a black dog is playing with a black dog <end>
3368671163_0171259581.jpg,<start> two dogs are playing in the grass <end>
3372214646_cc2ceb182f.jpg,<start> a dog wearing a blue shirt is running on a track <end>
3375549004_beee810e60.jpg,<start> a man in a blue shirt is standing in a <unk> of people <end>
3376972502_35e3e119cd.jpg,<start> a person in a blue jacket is climbing a rock <end>
337793983_ac5b2e848e.jpg,<start> a man is standing on a bench with a woman in front of a blue and blue <end>
3380519003_9f91d5a7fb.jpg,<start> a dog runs through a field of grass <end>
3381788544_2c50e139dd.jpg,<start> three asian boys in a <unk> <unk> <end>
3383388869_a14552e551.jpg,<start> a dog is running through the water <end>
3386893620_5f0bb4e794.jpg,<start> a man is holding a <unk> of a <unk> of people <end>
3392019836_c7aeebca1c.jpg,<start> a man in a black shirt and a <unk> <unk> at a <unk> <end>
3392293702_ccb0599857.jpg,<start> a dog and a dog running through the snow <end>
3393446245_37dd3f3b59.jpg,<start> a person in a red shirt and a red shirt jumping on a skateboard <end>
3393926562_66cc01b001.jpg,<start> a woman in a black shirt and black shorts is standing in front of a brick wall <end>
3396275223_ee080df8b5.jpg,<start> a group of girls playing in a room <end>
3397259310_1ed1a346b5.jpg,<start> a boy is jumping on a skateboard <end>
3399616238_77acf4ee12.jpg,<start> a man in a leather jacket is holding a cigarette in front of a crowd of people <end>
3399906919_bc8562b257.jpg,<start> a man is sitting on a table with a <unk> in the background <end>
3400082864_9c737c1450.jpg,<start> a woman in a blue uniform is holding a baseball <end>
3401437960_7da856e004.jpg,<start> a brown dog is standing on a wooden dock next to a wooden fence <end>
3405011838_f81117c99f.jpg,<start> a man in a red jacket is standing in front of a crowd of people <end>
340667199_ecae5f6029.jpg,<start> a girl in a black shirt and a woman in a crowd of people <end>
3409506817_775e38d219.jpg,<start> a man is standing in front of a <unk> <unk> <unk> <end>
3411022255_210eefc375.jpg,<start> a group of people are dancing <end>
3411393875_a9ff73c67a.jpg,<start> a man in a black shirt and a black shirt with a crowd in a crowd <end>
3412036192_d8cd12ed3f.jpg,<start> a dog jumps to catch a frisbee <end>
3412822878_5d961492e5.jpg,<start> a boy is skating on a skateboard in front of a railing <end>
3415113018_7b95ddcd11.jpg,<start> a group of men in red uniforms are playing soccer <end>
3415809168_af9dabdba5.jpg,<start> a black and white dog is running with a ball in a field <end>
3416460533_d5819fbf69.jpg,<start> a skier jumps high in the air <end>
3420260768_26a600b844.jpg,<start> a tennis player in a white uniform is ready to hit a tennis ball <end>
3420323191_d66e003264.jpg,<start> a man in a blue shirt is riding a surfboard in the water <end>
3421706363_a3e22a4908.jpg,<start> a boy rides a bicycle on a bike <end>
3422394336_e465f60b7c.jpg,<start> a dog is running through the grass <end>
3425662680_41c7c50e8d.jpg,<start> a group of people are running through a field of a race <end>
3425853460_bfcd0b41f6.jpg,<start> a tennis player hits a tennis ball <end>
3425918361_3b890d9575.jpg,<start> a boy is riding a red bike on a dirt track <end>
3427233064_6af01bfc5c.jpg,<start> a young girl in a park and a black shirt is sitting on a bench <end>
3427540832_c882fded1d.jpg,<start> a man in a hat and a hat is looking at the camera <end>
3429581486_4556471d1a.jpg,<start> a brown dog is running through the grass <end>
3430782104_34da558eba.jpg,<start> a person in a blue shirt is performing a trick on a <unk> <end>
3433567526_00b5a70319.jpg,<start> a dog runs with his mouth open <end>
3435035138_af32890a4c.jpg,<start> a dog is running on a dirt path <end>
3435648640_b2f68efb78.jpg,<start> a brown dog is playing in a field of a brown dog <end>
3436259762_43709321ff.jpg,<start> a black dog is playing with a ball <end>
3438981089_2ef1a6353c.jpg,<start> a person is doing a jump on a dirt bike <end>
3440160917_4524cfd9f6.jpg,<start> a boy in a blue shirt and blue blue blue blue is playing on a grassy field <end>
3449114979_6cdc3e8da8.jpg,<start> a group of boys sit in a <unk> <unk> <end>
3450776690_38605c667d.jpg,<start> a little girl in a pink dress and a pink shirt is running on a street <end>
3451085951_e66f7f5d5c.jpg,<start> a dog runs along the beach with a beach and a dog on the beach <end>
3452127051_fa54a902b3.jpg,<start> a brown dog is jumping over a red and yellow and white dog <end>
3453313865_1ebff5393c.jpg,<start> a boy in a blue shirt and blue pants is riding a bike down a road <end>
3457572788_e1fe4f6480.jpg,<start> a man in a black jacket is skiing down a hill <end>
3457604528_302396c08c.jpg,<start> a boy in a red shirt and a white shirt is playing with a soccer ball <end>
3458211052_bb73084398.jpg,<start> a group of people are running on a grassy field <end>
3460458114_35037d4d4c.jpg,<start> a girl in a swimming pool is jumping into a pool <end>
3461583471_2b8b6b4d73.jpg,<start> a snowboarder is snowboarding on a snowy hill <end>
3463523977_f2ed231585.jpg,<start> a girl in a pink shirt is running with a group of children <end>
3468130925_2b1489d19a.jpg,<start> a man in a red uniform is playing with a ball in a field <end>
3470303255_fbb41b8dd0.jpg,<start> a young girl wearing a white hat and hat is on a green blanket <end>
3476237185_9389c536a3.jpg,<start> a black dog running on a grassy yard <end>
3481884992_45770ec698.jpg,<start> a surfer rides a wave <end>
3482237861_605b4f0fd9.jpg,<start> a person in a green shirt is jumping on a grassy hill <end>
3484070900_3e76d7fd30.jpg,<start> a snowboarder in a black jacket and black pants is snowboarding <end>
3484625231_5b1a1a07b8.jpg,<start> a man in a red uniform is <unk> a football <end>
3484832904_08619300d9.jpg,<start> a woman playing with a ball <end>
3484841598_e26ee96aab.jpg,<start> a man in a white shirt is playing with a baseball <end>
3486135177_772628d034.jpg,<start> a snowboarder jumps off a ramp <end>
3486324591_9f5eeb24b9.jpg,<start> a small boy in a blue shirt is playing with a football <end>
3486340101_ff01d8f3f9.jpg,<start> a race car is driving a track <end>
3487820317_3728e7569e.jpg,<start> a man in a blue shirt and sunglasses is standing on a rock <end>
3490736665_38710f4b91.jpg,<start> a dog is playing with a tennis ball in a tennis ball <end>
3493479159_609ebe1b35.jpg,<start> a man on a motorcycle <end>
3501386648_e11e3f3152.jpg,<start> a group of people are standing in front of a white building <end>
3501936223_6122a13d27.jpg,<start> a skier is skiing down a snowy hill <end>
3502897880_8392d0e4de.jpg,<start> a boy is performing a trick on a skateboard <end>
3502993968_4ee36afb0e.jpg,<start> a boy rides a bike down a bike <end>
3503623999_bbd5dcfb18.jpg,<start> a man in a red hat and hat is holding a picture of a man in a red hat <end>
3503689049_63212220be.jpg,<start> a man wearing sunglasses and sunglasses <end>
3504881781_6a842e043b.jpg,<start> a man and a woman are sitting in a park <end>
3507076266_8b17993fbb.jpg,<start> a black and white dog is <unk> a black and white dog <end>
3515358125_9e1d796244.jpg,<start> a dog is running in the grass with a brown dog <end>
3516299821_8f0375d221.jpg,<start> a baseball player in a baseball uniform is playing at the base <end>
3516312179_f520469038.jpg,<start> a baseball player is playing at the base <end>
3516960094_87fb4889de.jpg,<start> a man is jumping on a <unk> of a park <end>
3517124784_4b4eb62a7a.jpg,<start> a baseball player in a baseball uniform is playing with a ball <end>
3522989916_f20319cc59.jpg,<start> two dogs are playing in the grass <end>
352382023_7605223d1c.jpg,<start> a brown dog is jumping into the water <end>
3523920786_0eb63993fd.jpg,<start> a black dog walks down a path with a <unk> <unk> on the road <end>
3524519277_bd0c3e7382.jpg,<start> two men in <unk> <unk> <unk> <unk> <unk> <unk> <unk> <end>
3524975665_7bec41578b.jpg,<start> a boy in a green shirt is standing next to a man in a green shirt <end>
3529211822_1dabdb3a9c.jpg,<start> two dogs play on a grassy lawn <end>
3532205154_5674b628ea.jpg,<start> a man is holding a baby in a room <end>
3533394378_1513ec90db.jpg,<start> a child on a swing <end>
3533451027_b078e4631b.jpg,<start> a man in a blue uniform is running with a football in his mouth <end>
3534824784_7133119316.jpg,<start> a man and woman pose for a camera <end>
3537218226_478d2e4f26.jpg,<start> a person in a yellow shirt is climbing a rock wall <end>
3537452619_3bd79f24e0.jpg,<start> a man wearing a red shirt and jeans is jumping on a trampoline <end>
3538213870_9856a76b2a.jpg,<start> a young girl wearing a pink shirt and pink shorts is running on a sidewalk <end>
3541474181_489f19fae7.jpg,<start> a snowboarder in the snow <end>
3544312930_3a0b8d70c1.jpg,<start> a woman in a pink dress and a pink dress is walking on a sidewalk <end>
3544673666_ffc7483c96.jpg,<start> a dog jumps up to catch a frisbee <end>
3549277110_24d4064ccd.jpg,<start> two children play in a <unk> <end>
3551003620_0b02d76f65.jpg,<start> a boy in a green shirt and a black shirt is running on the beach <end>
3553476195_fb3747d7c1.jpg,<start> a black dog and a black dog are playing with a black and black dog <end>
3555729342_cc7a3b67fd.jpg,<start> a young man in a green shirt is looking at the camera at the camera <end>
3557295488_600d387347.jpg,<start> a group of men playing soccer <end>
3561130207_d1ed166daa.jpg,<start> a group of people in blue and blue and blue and blue shirt is playing in a blue <end>
3563924606_5914392cd8.jpg,<start> two dogs playing in a grassy area <end>
3564007203_df2b8010f1.jpg,<start> a man in a blue shirt is standing in front of a crowd of people <end>
3564148252_aa4cb36a32.jpg,<start> a man on a motorcycle is riding a motorcycle <end>
3565655045_8eb00b7423.jpg,<start> a man in a blue shirt is sitting on a rock with a fishing pole <end>
3568219100_dfbffddccd.jpg,<start> a man in a red shirt is <unk> a rock on a rock <end>
3571147934_d1c8af1d6e.jpg,<start> a man in a black shirt is standing in front of a building <end>
357191373_a1cb5696e8.jpg,<start> two men are sitting on a grassy path in the grass <end>
3578372039_57473f473c.jpg,<start> a woman wearing a black shirt and a brown skirt and a brown skirt <end>
3582814058_564776f26c.jpg,<start> three children are standing on a sidewalk with a <unk> and <unk> <end>
3582914905_f58db879ae.jpg,<start> a man in a blue shirt is playing on a water <end>
3584603849_6cfd9af7dd.jpg,<start> a person is flying on a dirt hill <end>
3588417747_b152a51c52.jpg,<start> a man is doing a trick on a railing <end>
3590294974_4ef98f013e.jpg,<start> a boy is jumping off a ramp <end>
3590739067_58baffb3a7.jpg,<start> a young girl plays in a red and yellow toy <end>
3591170729_406fdb74e5.jpg,<start> a man in a blue shirt is sitting on a wooden wall <end>
3591462960_86045906bd.jpg,<start> a man is being <unk> by a bull <end>
3593222804_c187808ac3.jpg,<start> a person in a yellow shirt is riding a green and white and white shirt <end>
3594822096_e1144b85d6.jpg,<start> a man in a blue shirt rides a bike on a bike <end>
3596131692_91b8a05606.jpg,<start> two children play in the grass <end>
3604496023_c1f546423e.jpg,<start> a boy in a colorful shirt is <unk> a <unk> in the air <end>
3607969989_68cc411493.jpg,<start> a young girl in a pink shirt is jumping on a skateboard <end>
3610683688_bbe6d725ed.jpg,<start> a black dog is running through the water <end>
361183669_52be9662b9.jpg,<start> a man is sitting on a dock with a blue and white dog on a dock <end>
3616846215_d61881b60f.jpg,<start> a boy and a boy are standing on a grassy hill <end>
3619232550_0b1e1fd4e4.jpg,<start> a man and a man playing guitar and playing guitar <end>
3621717946_d96f8a6012.jpg,<start> a boy in a swimming pool is swimming in the pool <end>
3626689571_5817f99c0e.jpg,<start> a girl in black and black pants is walking on a sidewalk <end>
3627676364_1dc9294ec5.jpg,<start> a group of people are walking around a street with a red and black and black <end>
3628994466_a12065d29b.jpg,<start> a man in a red shirt is holding a <unk> in a crowd of people <end>
3630641436_8f9ac5b9b2.jpg,<start> a dog is running in the water at the ocean <end>
3630991662_990f397f7c.jpg,<start> a man with a dog on the beach <end>
3631136463_53ff624b82.jpg,<start> a black dog is carrying a toy in its mouth <end>
3631474374_e40764d153.jpg,<start> two people are playing at a <unk> <end>
3632047678_f202609e50.jpg,<start> four people are sitting on a <unk> with a yellow and yellow and white dog <end>
3632572264_577703b384.jpg,<start> a group of people are standing in a field with a large white and white ball <end>
3635911776_dbc2763f2c.jpg,<start> a woman wearing a red shirt is jumping on a <unk> of two <unk> <end>
3637013_c675de7705.jpg,<start> two children are sitting on a river and one is sitting on a lake <end>
3643087589_627a0a9e01.jpg,<start> two dogs are playing in a grassy field <end>
3644941648_012ec87848.jpg,<start> a man is standing on a <unk> with a large building in front of a building <end>
3646927481_5e0af1efab.jpg,<start> a group of people are watching a yellow and yellow yellow and yellow shirt and yellow shirt is watching <end>
3648988742_888a16f600.jpg,<start> a woman in a green hat is holding a cigarette on a sidewalk <end>
3652584682_5b5c43e445.jpg,<start> a boy in red shorts is jumping into the water <end>
3655074079_7df3812bc5.jpg,<start> a woman with a black and black hat and a backpack is sitting on a cellphone <end>
3670907052_c827593564.jpg,<start> a person on a bike bike on a dirt bike <end>
3673970325_4e025069e9.jpg,<start> a man in a blue shirt is holding a <unk> <unk> <end>
3677514746_26f5588150.jpg,<start> a group of men are playing with a <unk> <end>
3677613006_4689cb8e4e.jpg,<start> a group of people sit on a table <end>
3677860841_3aa9d8036c.jpg,<start> a girl in a swimming pool is jumping into a pool <end>
3678098428_40c1b74cc2.jpg,<start> a man in a red shirt and a woman in a red shirt and a crowd <end>
3681056426_fbd6c0c92c.jpg,<start> a group of people are riding a horse on a dirt track <end>
3691729694_2b97f14c1e.jpg,<start> a man in a red helmet is riding a motorcycle <end>
3693961165_9d6c333d5b.jpg,<start> a black dog is running in the grass <end>
3695064885_a6922f06b2.jpg,<start> a dog is jumping over a hurdle while a man watches <end>
3700346840_bb80d622f7.jpg,<start> a bird is standing on the rocks near a rock <end>
3703035378_c6034cac51.jpg,<start> two women in a <unk> <unk> <end>
370442541_60d93ecd13.jpg,<start> a group of children sit on a bench <end>
3705976184_53ae07e898.jpg,<start> a boy and a dog are running on a grassy field <end>
3708172446_4034ddc5f6.jpg,<start> a man is jumping off a dock <end>
3710520638_866d542a80.jpg,<start> a black dog is playing in the water <end>
3713133789_f05e8daffd.jpg,<start> a brown dog is jumping over a hurdle <end>
3713324467_104d72f7db.jpg,<start> a man in a blue shirt is holding a child in a crowded seat <end>
3718964174_cb2dc1615e.jpg,<start> a woman in a blue shirt and a blue cap is wearing a crowd <end>
3721812313_6000566803.jpg,<start> a man and a woman pose for a picture <end>
3726120436_740bda8416.jpg,<start> a girl in a blue shirt and blue shorts is riding a blue horse ride <end>
3727752439_907795603b.jpg,<start> a woman in a purple dress is holding a guitar <end>
3729525173_7f984ed776.jpg,<start> two young boys are standing in front of a building <end>
3730011701_5352e02286.jpg,<start> a young boy wearing a blue shirt and a hat is standing on a beach <end>
3730457171_e66dde8c91.jpg,<start> a young girl in a pink shirt is sitting on a tree <end>
3733074526_82aa8d5f8d.jpg,<start> a girl in a red dress is playing with a red and red boy <end>
3736786640_70df13be2c.jpg,<start> two boys are playing in a pool <end>
3737539561_d1dc161040.jpg,<start> two children are playing in a dirt area <end>
3737711435_113ccd0a52.jpg,<start> a woman in a pink shirt is walking on a beach <end>
3738685861_8dfff28760.jpg,<start> a little girl sitting on a bench <end>
3751594676_edfbfa0688.jpg,<start> a small child with a blue shirt and sitting on his head <end>
375384566_254c2362d4.jpg,<start> a man in a red shirt is playing with a red bag on the sidewalk <end>
3756150099_50882fc029.jpg,<start> a boy in a yellow shirt and yellow shirt is smiling <end>
3758175529_81941e7cc9.jpg,<start> a boy is splashing in the water <end>
3758787457_1a903ee1e9.jpg,<start> a man in a swimming suit is jumping into the water <end>
380537190_11d6c0a412.jpg,<start> people are standing in a <unk> of <unk> <unk> <end>
388386075_9ac3a89ada.jpg,<start> a young boy is eating a table with his <unk> on his mouth <end>
391324644_d23fdf06cb.jpg,<start> a person in a black and black pants and black pants is jumping on a skateboard <end>
393810324_1c33760a95.jpg,<start> a black dog is laying on a bed <end>
395461421_c586b136de.jpg,<start> a group of men in a <unk> dancing <end>
396360611_941e5849a3.jpg,<start> two people are standing on a rocky cliff overlooking the water <end>
401476986_73918145a3.jpg,<start> a dog jumps through the grass <end>
403678611_73978faed7.jpg,<start> two men sit on a bench <end>
405534993_5158644f98.jpg,<start> a man in a rock <unk> <unk> <end>
406248253_27b5eba25a.jpg,<start> a child in a red jacket is walking through the snow <end>
407678652_1f475acd65.jpg,<start> two children are standing on a rock covered hill <end>
410422753_de506155fa.jpg,<start> a black and white dog is running through the snow <end>
410453140_5401bf659a.jpg,<start> a woman is standing at a <unk> display of a store <end>
412056525_191724b058.jpg,<start> a man and a woman are sitting on a table <end>
413231421_43833a11f5.jpg,<start> a black dog is jumping over a log in the snow <end>
418357172_bdddf71d32.jpg,<start> a black dog and a black dog running on the ground <end>
419116771_642800891d.jpg,<start> two dogs are standing in a <unk> of a <unk> <end>
421808539_57abee6d55.jpg,<start> a brown dog is walking in the snow <end>
424379231_23f1ade134.jpg,<start> a brown and white dog is jumping over a white and white fence <end>
426065353_e9a604a01f.jpg,<start> a man and a woman are standing in a room with a woman in a room <end>
426920445_d07d1fd0f7.jpg,<start> a dog runs through the grass <end>
427082246_5bf1c3676f.jpg,<start> a man in a black shirt is playing with a black dog <end>
428408242_b32faf2240.jpg,<start> a dog runs in the grass <end>
429270993_294ba8e64c.jpg,<start> a man in a black jacket is holding a black and black dog <end>
437917001_ae1106f34e.jpg,<start> a boy and boy sit on a bed <end>
439569646_c917f1bc78.jpg,<start> a girl in a red shirt is jumping on a couch <end>
444047125_66b249287c.jpg,<start> a person in a green shirt is walking in the mountains <end>
458004873_f084c47a88.jpg,<start> a man and a woman are standing in front of a building <end>
460478198_83039f2593.jpg,<start> a dog and a dog playing in the water <end>
460781612_6815c74d37.jpg,<start> a dog is catching a frisbee <end>
461505235_590102a5bf.jpg,<start> a person in a rock <unk> <end>
462080147_ca088e6541.jpg,<start> two women are standing by a man wearing a black jacket and a black jacket <end>
463875230_f19e83d6df.jpg,<start> a boy is jumping on a tree <end>
468918320_9c275b877f.jpg,<start> a man sits on a bench and a white dog is sitting on a wooden bench <end>
470903027_489cc507de.jpg,<start> a man with a backpack is standing on a grassy hill <end>
475816542_f5c2736815.jpg,<start> two dogs are playing in a grassy area <end>
475980315_b8ecd50094.jpg,<start> a white dog is running through water <end>
481632457_7372f18275.jpg,<start> two dogs are playing together and one one is running through the grass <end>
488416045_1c6d903fe0.jpg,<start> a brown dog runs on the beach <end>
489134459_1b3f46fc03.jpg,<start> a man in a blue shirt is playing with a boy in a blue shirt <end>
489865145_65ea6d1c14.jpg,<start> a woman in a blue shirt and blue shorts is walking with a white bag <end>
492341908_1ef53be265.jpg,<start> a man in a black hat is sitting in a black and black jacket <end>
494329594_6e751372a0.jpg,<start> a woman in a bathing bathing suit is sitting on a wooden slide <end>
495116214_f1df479fb0.jpg,<start> a black and white dog is playing with a white dog in the sand <end>
498794783_cc2ac62b47.jpg,<start> a young girl is playing with a toy in a field of a <unk> <end>
501520507_c86f805ab8.jpg,<start> a man in a white shirt and white hat is holding a white girl in a white shirt <end>
501650847_b0beba926c.jpg,<start> a dog wearing a blue hat is holding a frisbee <end>
506882688_b37d549593.jpg,<start> a man stands on a <unk> <unk> with a large <unk> <unk> <end>
507758961_e63ca126cc.jpg,<start> a little girl is running with a toy in a field <end>
509241560_00e5b20562.jpg,<start> a boy is sitting on a <unk> in a <unk> <unk> <end>
512101751_05a6d93e19.jpg,<start> a white dog runs through the grass <end>
512991147_dc48e6839c.jpg,<start> two people are sitting on a dock near a lake <end>
514905846_b54d13946a.jpg,<start> a boy in a blue shirt and jeans is jumping on a skateboard <end>
515335111_c4afd5b903.jpg,<start> a man in a white shirt and a white boat in a boat <end>
519228867_2fd25e38d4.jpg,<start> a little boy in a blue shirt plays in a water <end>
519754987_51861fea85.jpg,<start> two girls are riding a ride in a park <end>
520491467_54cbc0a866.jpg,<start> a woman is jumping into a <unk> of three children <end>
533713007_bf9f3e25b4.jpg,<start> a girl and a little girl are sitting in a <unk> of water <end>
533979933_a95b03323b.jpg,<start> a girl is walking on the beach with a stick in the background <end>
535309053_ec737abde8.jpg,<start> a man and a dog are sitting on a <unk> with a yellow and white dog <end>
537479916_c033897fac.jpg,<start> a black dog is jumping over a black and white dog in the grass <end>
539744890_85e63f5854.jpg,<start> a young boy in a red shirt and blue shorts is jumping into a <unk> <end>
543363241_74d8246fab.jpg,<start> a man in a black jacket and black hat is wearing a black hat <end>
544257613_d9a1fea3f7.jpg,<start> a man with a blue shirt and sunglasses <end>
561179890_af8e31cb2e.jpg,<start> a woman walks on a <unk> path <end>
566446626_9793890f95.jpg,<start> a young girl is jumping on a trampoline <end>
566794036_60f7acdf35.jpg,<start> a woman in a red shirt is running on a sidewalk <end>
576920249_df1bdc2068.jpg,<start> a group of people are standing on a sidewalk <end>
613030608_4355e007c7.jpg,<start> a man with a guitar plays guitar <end>
621000329_84f48948eb.jpg,<start> a young boy in a blue shirt is holding a <unk> <end>
635444010_bd81c89ab7.jpg,<start> a woman in a green dress and jeans walks down a sidewalk <end>
637342973_89f6fac1f7.jpg,<start> a black dog is playing with a black dog on the beach <end>
639865690_d66d480879.jpg,<start> a boy is playing with a small boy in the grass <end>
691770760_48ce80a674.jpg,<start> a dog is jumping into a pool while a dog watches <end>
693785581_68bec8312a.jpg,<start> a boy in a yellow shirt and yellow pants is jumping on a yellow mat <end>
696663662_232edd58af.jpg,<start> two children are sitting on the bed and holding their hands <end>
707972553_36816e53a2.jpg,<start> a little girl is standing on the edge of a water with a bucket <end>
733172023_5810350af6.jpg,<start> a man in a red shirt is standing on a sidewalk in a city <end>
745880539_cd3f948837.jpg,<start> a dog runs through a field of yellow and yellow toy <end>
752052256_243d111bf0.jpg,<start> a boy in a blue shirt is playing with a boy in a plastic shirt <end>
753285176_f21a2b984d.jpg,<start> two children are standing on a grassy field <end>
758921886_55a351dd67.jpg,<start> a girl with a girl and a girl on the top of a large white wall <end>
771366843_a66304161b.jpg,<start> a hiker is standing on a rocky hill <end>
854333409_38bc1da9dc.jpg,<start> two black dogs run in the grass <end>
861661418_8a37024ace.jpg,<start> a dog is running on the ground <end>
911795495_342bb15b97.jpg,<start> a girl with a pink shirt and a girl is playing in the grass <end>
923550133_ac9d7a2932.jpg,<start> two people sit on a pier in the water <end>
929679367_ff8c7df2ee.jpg,<start> a dog is playing at a <unk> <end>
937559727_ae2613cee5.jpg,<start> a man in a black jacket is sitting next to a woman in a black jacket <end>
94232465_a135df2711.jpg,<start> a man is holding a <unk> <unk> on a <unk> <end>
942399470_6132d3e5d2.jpg,<start> a person in a brown jacket is riding a horse <end>
954987350_a0c608b467.jpg,<start> a woman in a pink shirt is smiling with a woman in a pink shirt <end>
967719295_3257695095.jpg,<start> a dog jumps into a water <end>
97577988_65e2eae14a.jpg,<start> a person is climbing a <unk> of snow <end>
985067019_705fe4a4cc.jpg,<start> a girl slides down a slide <end>
987907964_5a06a63609.jpg,<start> a dog runs through the grass while a woman watches <end>
